–ù–∞–∑–≤–∞–Ω–∏–µ –∫–∞–Ω–∞–ª–∞;–ß–∏—Å–ª–æ –ø–æ–¥–ø–∏—Å—á–∏–∫–æ–≤;–ü—Ä–∏—Ä–æ—Å—Ç –ø–æ–¥–ø–∏—Å—á–∏–∫–æ–≤ –∑–∞ –º–µ—Å—è—Ü;–°—Ç–æ–∏–º–æ—Å—Ç—å –æ–¥–Ω–æ–≥–æ –ø–æ—Å—Ç–∞;–°—Å—ã–ª–∫–∞ –Ω–∞ –∫–∞–Ω–∞–ª
–§–æ—Ç–æ–∞–ø–ø–∞—Ä–∞—Ç;489'211;+216'041; 9000 —Ä .;https://tmtr.me/joinchat/1EEWAo1mO44zODgy
–§–æ—Ç–æ –∏–∑ 90-—Ö;65'434;+58'651;–ù–µ  —É–∫–∞–∑–∞–Ω–æ;https://tmtr.me/joinchat/sfXj9mhsXNkzOWUy
–ì–∞–ª–µ—Ä–µ—è –≤ –∫–∞—Ä–º–∞–Ω–µ;44'282;+41'814;–ù–µ  —É–∫–∞–∑–∞–Ω–æ;https://tmtr.me/joinchat/7LPxgsfm9zkyNmY6
–õ'–≠—Ç—É–∞–ª—å;177'606;+34'450;–ù–µ  —É–∫–∞–∑–∞–Ω–æ;https://tmtr.me/letoileofficial
–ú–æ—è –¥–∞—á–∞. –°–∞–¥ –∏ –æ–≥–æ—Ä–æ–¥;247'293;+29'068;–ù–µ  —É–∫–∞–∑–∞–Ω–æ;https://tmtr.me/dacha_my
–ö—É—à–∞—Ç—å –ø–æ–¥–∞–Ω–æ;80'035;+25'011;–ù–µ  —É–∫–∞–∑–∞–Ω–æ;https://tmtr.me/boniapetit
–•—É–¥–µ–π ‚Ä¢ –ú–æ–ª–æ–¥–µ–π;147'814;+23'074;–ù–µ  —É–∫–∞–∑–∞–Ω–æ;https://tmtr.me/slimandyoung
–õ–∞–π—Ñ—Ö–∞–∫–∏ | –ö—É–ª–∏–Ω–∞—Ä–∏—è & –†–µ—Ü–µ–ø—Ç—ã;175'402;+21'576;–ù–µ  —É–∫–∞–∑–∞–Ω–æ;https://tmtr.me/procrafts
–ó–∞–±—Ä–æ—à–µ–Ω–Ω—ã–π –º–∏—Ä;20'878;+20'677;–ù–µ  —É–∫–∞–∑–∞–Ω–æ;https://tmtr.me/joinchat/J12HgEbYfyplOTYy
–ö—Ä–∞—Å–æ—Ç–∞ –∏ –ó–¥–æ—Ä–æ–≤—å–µ;213'532;+20'105;–ù–µ  —É–∫–∞–∑–∞–Ω–æ;https://tmtr.me/krasota_11
–í–ö–£–°–ù–ê–Ø –ï–î–ê;155'671;+19'376;–ù–µ  —É–∫–∞–∑–∞–Ω–æ;https://tmtr.me/easy_eda
sweet NSFW;32'793;+17'917;–ù–µ  —É–∫–∞–∑–∞–Ω–æ;https://tmtr.me/joinchat/eCgclcbCh7EzNThi
–ú–æ—è –∫–≤–∞—Ä—Ç–∏—Ä–∞;329'669;+17'280; 9500 —Ä .;https://tmtr.me/mykvrt
–ö–Ω–∏–≥–∞ —Ä–µ—Ü–µ–ø—Ç–æ–≤;479'890;+16'273;–ù–µ  —É–∫–∞–∑–∞–Ω–æ;https://tmtr.me/receptok
Real History;212'161;+15'375;–ù–µ  —É–∫–∞–∑–∞–Ω–æ;https://tmtr.me/realhist
–í—ã—Å—Ç–∞–≤–∫–∞;98'694;+85'760;–ù–µ  —É–∫–∞–∑–∞–Ω–æ;https://tmtr.me/joinchat/hKiQn2fqdvNlZjUy
–§–æ—Ç–æ–ø–ª—ë–Ω–∫–∞;250'869;+47'519;–ù–µ  —É–∫–∞–∑–∞–Ω–æ;https://tmtr.me/joinchat/kh8_sE9qoL8zYWRi
–†–µ—Ü–µ–ø—Ç –ù–∞ –ú–∏–ª–ª–∏–æ–Ω;127'724;+36'381;–ù–µ  —É–∫–∞–∑–∞–Ω–æ;https://tmtr.me/joinchat/ZzpGPdKkHxNhMjVi
NFT –Ω–∞ –¥–æ—Å—Ç—É–ø–Ω–æ–º;282'136;+30'850;–ù–µ  —É–∫–∞–∑–∞–Ω–æ;https://tmtr.me/nft_reality
üòã –ï—à—å–•—É–¥–µ–π - –ü–ü –†–µ—Ü–µ–ø—Ç—ã;273'657;+28'194;–ù–µ  —É–∫–∞–∑–∞–Ω–æ;https://tmtr.me/eatlose
–õ–∞–Ω–¥—à–∞—Ñ—Ç–Ω—ã–π –¥–∏–∑–∞–π–Ω —É—á–∞—Å—Ç–∫–∞;70'564;+24'786;–ù–µ  —É–∫–∞–∑–∞–Ω–æ;https://tmtr.me/dizayn_landshaft
astro geeks;321'651;+22'480;–ù–µ  —É–∫–∞–∑–∞–Ω–æ;https://tmtr.me/joinchat/0Yc4ylbYku9jNDJi
ü•í –°–ê–õ–ê–¢–´ –ò –ó–ê–ì–û–¢–û–í–ö–ò üçé;264'614;+21'185;–ù–µ  —É–∫–∞–∑–∞–Ω–æ;https://tmtr.me/mir_salatov_pp
–®–µ–¥–µ–≤—Ä—ã –∫—É–ª–∏–Ω–∞—Ä–∏–∏;159'316;+20'241;–ù–µ  —É–∫–∞–∑–∞–Ω–æ;https://tmtr.me/shecook
–ú—è—Å–Ω–∞—è –∫—É—Ö–Ω—è;340'772;+19'798;–ù–µ  —É–∫–∞–∑–∞–Ω–æ;https://tmtr.me/meat_cookroom
–†–µ—Ü–µ–ø—Ç—ã –Ω–∞ –∫–∞–∂–¥—ã–π –¥–µ–Ω—å;342'206;+18'290;–ù–µ  —É–∫–∞–∑–∞–Ω–æ;https://tmtr.me/cooking_11
Bad History;259'045;+17'436;–ù–µ  —É–∫–∞–∑–∞–Ω–æ;https://tmtr.me/badhisto
–¢–≤–æ–π –≥–æ—Ä–æ—Å–∫–æ–ø üåå;18'997;+16'695;–ù–µ  —É–∫–∞–∑–∞–Ω–æ;https://tmtr.me/horoscopes_s
–ê—Å—Ç—Ä–æ–ª–æ–≥–∏—è | –ì–æ—Ä–æ—Å–∫–æ–ø | –¢–∞—Ä–æ | –≠–∑–æ—Ç–µ—Ä–∏–∫–∞;191'336;+16'105; 6900 —Ä .;https://tmtr.me/astrotmbl
–°–∫–æ–≤–æ—Ä–æ–¥–∫–∞;67'074;+14'972;–ù–µ  —É–∫–∞–∑–∞–Ω–æ;https://tmtr.me/joinchat/TliIHx-yMagyZjUy
