–ù–∞–∑–≤–∞–Ω–∏–µ –∫–∞–Ω–∞–ª–∞;–ß–∏—Å–ª–æ –ø–æ–¥–ø–∏—Å—á–∏–∫–æ–≤;–ü—Ä–∏—Ä–æ—Å—Ç –ø–æ–¥–ø–∏—Å—á–∏–∫–æ–≤ –∑–∞ –Ω–µ–¥–µ–ª—é;–°—Å—ã–ª–∫–∞ –Ω–∞ –∞–Ω–∞–ª–∏–∑ –∫–∞–Ω–∞–ª–∞
–¢–æ–ø–æ—Ä 18+;3'801'982;+515'929;https://telemetr.me/joinchat/hnX28dPDVaY0ZmVi
–î–º–∏—Ç—Ä–∏–π –ú–µ–¥–≤–µ–¥–µ–≤;485'999;+142'787;https://telemetr.me/@medvedev_telegram
–ü—Ä—è–º–æ–π —ç—Ñ–∏—Ä;1'476'039;+82'090;https://telemetr.me/joinchat/UwRv4tBCxsE0ZmQy
–§–æ—Ç–æ–∞–ø–ø–∞—Ä–∞—Ç;486'507;+68'443;https://telemetr.me/joinchat/1EEWAo1mO44zODgy
–£–¥–∞–ª—ë–Ω–∫–∞ –±–µ–∑ –æ–ø—ã—Ç–∞ | –§—Ä–∏–ª–∞–Ω—Å;388'777;+54'113;https://telemetr.me/@from_home
–ù–æ–≤–æ—Å—Ç–Ω–∏–∫;1'028'296;+53'354;https://telemetr.me/joinchat/yhgGpaSLSHZjNDZi
rise | —Ç–µ–º–∫–∏ –∏ —è–∑—ã–∫–∏ –¥–ª—è —Ç–≥;554'907;+51'060;https://telemetr.me/joinchat/FGc4aosnTPhjM2Iy
–ó–ª–æ–π –ó–∞—è—Ü;395'274;+49'769;https://telemetr.me/joinchat/sZxztSXPQpA4NTRi
–í—Å–µ–≤–∏–¥—è—â–µ–µ –û–ö–û üá∫üá¶ –£–∫—Ä–∞–∏–Ω–∞;1'168'121;+47'338;https://telemetr.me/joinchat/zL2WW9FCkME0M2Ni
NFT –≥–æ–ª–æ–≤–Ω–æ–≥–æ –º–æ–∑–≥–∞;1'159'481;+36'379;https://telemetr.me/joinchat/xPKMUzR1FGo1Yjgy
–†–û–°–°–ò–Ø –°–ï–ô–ß–ê–°;492'259;+35'597;https://telemetr.me/joinchat/xu-54nNkEiFlMWRi
–ò–Ω—Å–ø–µ–∫—Ç–æ—Ä;255'687;+35'303;https://telemetr.me/@auto_inspektor
–≠–∫—Å–ø–ª–æ–π—Ç;608'070;+35'118;https://telemetr.me/@exploitex
TON GUYS üëΩ| üòº NFT;171'859;+34'717;https://telemetr.me/joinchat/R0MX5YS0OgViMDQy
